{"cameraMode":{"drawMode":0,"name":"Shaded","section":"Shading Mode"},"sceneLighting":true,"audioPlay":false,"sceneViewState":{"showFog":true,"showMaterialUpdate":true,"showSkybox":true,"showFlares":true,"showImageEffects":true,"showParticleSystems":true},"in2DMode":false,"pivot":{"x":513.1854248046875,"y":249.21383666992188,"z":569.4423217773438},"rotation":{"x":-0.034793101251125339,"y":-0.023386411368846895,"z":0.0008143965969793499,"w":-0.9991216063499451},"size":1273.955078125,"orthographic":false}