{"cameraMode":{"drawMode":0,"name":"Shaded","section":"Shading Mode"},"sceneLighting":true,"audioPlay":false,"sceneViewState":{"showFog":true,"showMaterialUpdate":true,"showSkybox":true,"showFlares":true,"showImageEffects":true,"showParticleSystems":true},"in2DMode":false,"pivot":{"x":251.81224060058595,"y":151.68885803222657,"z":574.8731689453125},"rotation":{"x":-0.034793101251125339,"y":-0.023386411368846895,"z":0.0008143965969793499,"w":-0.9991216063499451},"size":1136.915771484375,"orthographic":false}